"test_human","test_augmented","Overall"
"39.519999999999996","45.06666666666666","41.6"
