"Attribute","Existence","Relation","Avg ACC"
"83.30275229357798","94.60227272727273","85.43689320388349","87.78063940824472"
