"Overall","choose","compare","logical","query","verify"
"37.5","45.55555555555556","48.78048780487805","83.97435897435898","3.6259541984732824","86.77248677248677"
