"Attribute","Existence","Relation","Avg ACC"
"75.96330275229359","96.02272727272727","53.398058252427184","75.12802942581601"
