"Overall","choose","compare","logical","query","verify"
"51.300000000000004","70.0","56.09756097560976","71.15384615384616","31.679389312977097","79.36507936507937"
