"Overall","choose","compare","logical","query","verify"
"5.1","2.2222222222222223","14.634146341463413","10.256410256410255","3.0534351145038165","5.82010582010582"
