"Overall","choose","compare","logical","query","verify"
"4.1000000000000005","0.0","7.317073170731707","10.897435897435898","2.099236641221374","5.291005291005291"
