"Attribute","Existence","Relation","Avg ACC"
"81.28440366972477","84.0909090909091","73.7864077669903","79.72057350920805"
