"Overall","choose","compare","logical","query","verify"
"5.2","2.2222222222222223","4.878048780487805","10.256410256410255","3.2442748091603053","7.936507936507936"
