"Attribute","Existence","Relation","Avg ACC"
"75.41284403669725","84.375","67.96116504854369","75.91633636174699"
