"Overall","choose","compare","logical","query","verify"
"7.6","8.88888888888889","2.4390243902439024","8.333333333333332","7.633587786259542","7.4074074074074066"
