"Attribute","Existence","Relation","Avg ACC"
"73.76146788990826","85.22727272727273","59.22330097087378","72.73734719601826"
