"Attribute","Existence","Relation","Avg ACC"
"87.70642201834863","93.75","84.46601941747572","88.64081381194144"
