"Overall","choose","compare","logical","query","verify"
"64.2","84.44444444444444","73.17073170731707","81.41025641025641","46.75572519083969","86.77248677248677"
