"Attribute","Existence","Relation","Avg ACC"
"55.41284403669725","75.0","63.10679611650486","64.50654671773404"
