"Overall","choose","compare","logical","query","verify"
"41.699999999999996","61.111111111111114","56.09756097560976","80.76923076923077","9.732824427480915","85.71428571428571"
