"Attribute","Existence","Relation","Avg ACC"
"72.29357798165138","86.36363636363636","69.90291262135922","76.18670898888233"
