"Attribute","Existence","Relation","Avg ACC"
"82.56880733944955","94.31818181818183","85.43689320388349","87.44129412050495"
