"Attribute","Existence","Relation","Avg ACC"
"61.65137614678899","89.48863636363636","55.33980582524271","68.82660611188935"
