"test_human","test_augmented","Overall"
"83.52000000000001","89.86666666666666","85.9"
