"Overall","choose","compare","logical","query","verify"
"5.1","8.88888888888889","12.195121951219512","10.897435897435898","2.2900763358778624","4.761904761904762"
