"Overall","choose","compare","logical","query","verify"
"3.6999999999999997","2.2222222222222223","7.317073170731707","7.6923076923076925","2.2900763358778624","4.232804232804233"
