"Attribute","Existence","Relation","Avg ACC"
"73.21100917431193","83.52272727272727","66.01941747572816","74.25105130758912"
