"Attribute","Existence","Relation","Avg ACC"
"76.14678899082568","95.17045454545455","44.66019417475729","71.9924792370125"
