"Attribute","Existence","Relation","Avg ACC"
"65.68807339449542","73.86363636363636","64.07766990291263","67.8764598870148"
