"Attribute","Existence","Relation","Avg ACC"
"68.07339449541284","75.85227272727273","62.13592233009708","68.68719651759422"
