"test_human","test_augmented","Overall"
"67.67999999999999","87.46666666666667","75.1"
