"Attribute","Existence","Relation","Avg ACC"
"93.02752293577981","71.5909090909091","56.310679611650485","73.6430372127798"
