"Overall","choose","compare","logical","query","verify"
"3.6999999999999997","3.3333333333333335","4.878048780487805","8.333333333333332","1.9083969465648856","4.761904761904762"
