"Attribute","Existence","Relation","Avg ACC"
"60.550458715596335","80.39772727272727","60.19417475728155","67.04745358186838"
