"Attribute","Existence","Relation","Avg ACC"
"72.8440366972477","85.22727272727273","60.19417475728155","72.755161393934"
