"Overall","choose","compare","logical","query","verify"
"13.5","16.666666666666664","21.951219512195124","15.384615384615385","11.641221374045802","13.756613756613756"
