"Attribute","Existence","Relation","Avg ACC"
"74.6788990825688","86.64772727272727","69.90291262135922","77.07651299221844"
