"Attribute","Existence","Relation","Avg ACC"
"71.74311926605505","76.42045454545455","63.10679611650486","70.42345664267148"
