"Overall","choose","compare","logical","query","verify"
"2.0","2.2222222222222223","2.4390243902439024","3.8461538461538463","1.1450381679389312","2.6455026455026456"
