"Attribute","Existence","Relation","Avg ACC"
"82.38532110091742","95.45454545454545","84.46601941747572","87.43529532431286"
