"Overall","choose","compare","logical","query","verify"
"55.7","81.11111111111111","70.73170731707317","82.05128205128204","31.48854961832061","85.71428571428571"
