"Overall","choose","compare","logical","query","verify"
"59.4","83.33333333333334","80.48780487804879","83.33333333333334","37.02290076335878","85.71428571428571"
