"test_human","test_augmented","Overall"
"84.96000000000001","91.46666666666667","87.4"
