"Attribute","Existence","Relation","Avg ACC"
"5.688073394495413","27.556818181818183","55.33980582524271","29.528232467185436"
