"test_augmented","test_human","Overall"
"82.13333333333334","54.879999999999995","65.10000000000001"
