"Attribute","Existence","Relation","Avg ACC"
"83.30275229357798","75.56818181818183","74.75728155339806","77.87607188838597"
