"Overall","choose","compare","logical","query","verify"
"65.5","90.0","68.29268292682927","83.97435897435898","47.32824427480916","88.35978835978835"
