"Attribute","Existence","Relation","Avg ACC"
"71.55963302752293","78.69318181818183","66.99029126213593","72.41436870261356"
