"Overall","choose","compare","logical","query","verify"
"1.0999999999999999","2.2222222222222223","0.0","2.564102564102564","0.5725190839694656","1.0582010582010581"
