"test_augmented","test_human","Overall"
"87.46666666666667","67.67999999999999","75.1"
