"test_augmented","test_human","Overall"
"90.93333333333334","83.67999999999999","86.4"
