"Attribute","Existence","Relation","Avg ACC"
"74.6788990825688","85.22727272727273","70.87378640776699","76.92665273920284"
