"Overall","choose","compare","logical","query","verify"
"6.4","6.666666666666667","9.75609756097561","9.615384615384617","5.152671755725191","6.349206349206349"
