"Attribute","Existence","Relation","Avg ACC"
"47.1559633027523","69.60227272727273","43.689320388349515","53.48251880612485"
