"Attribute","Existence","Relation","Avg ACC"
"75.41284403669725","96.5909090909091","52.42718446601942","74.81031253120858"
