"Overall","choose","compare","logical","query","verify"
"13.700000000000001","13.333333333333334","7.317073170731707","35.256410256410255","6.679389312977099","16.93121693121693"
