"Attribute","Existence","Relation","Avg ACC"
"83.6697247706422","94.60227272727273","85.43689320388349","87.90296356726613"
