"Overall","choose","compare","logical","query","verify"
"4.3","2.2222222222222223","4.878048780487805","8.974358974358974","3.0534351145038165","4.761904761904762"
