"Attribute","Existence","Relation","Avg ACC"
"74.49541284403671","82.38636363636364","66.99029126213593","74.62402258084542"
