"Attribute","Existence","Relation","Avg ACC"
"69.54128440366972","86.07954545454545","63.10679611650486","72.90920865824002"
