"Overall","choose","compare","logical","query","verify"
"31.2","24.444444444444443","29.268292682926827","42.30769230769231","24.427480916030532","44.44444444444444"
