"test_human","test_augmented","Overall"
"62.56","86.13333333333333","71.39999999999999"
