"Attribute","Existence","Relation","Avg ACC"
"71.0091743119266","96.30681818181817","50.48543689320388","72.60047646231622"
