"Overall","choose","compare","logical","query","verify"
"51.300000000000004","68.88888888888889","48.78048780487805","71.15384615384616","32.25190839694657","79.8941798941799"
