"Attribute","Existence","Relation","Avg ACC"
"68.44036697247707","85.51136363636364","65.0485436893204","73.00009143272037"
