"Attribute","Existence","Relation","Avg ACC"
"39.44954128440367","90.05681818181817","38.83495145631068","56.11377030751084"
