"Attribute","Existence","Relation","Avg ACC"
"75.77981651376146","84.94318181818183","69.90291262135922","76.87530365110085"
