"Attribute","Existence","Relation","Avg ACC"
"70.09174311926606","39.48863636363637","56.310679611650485","55.29701969818431"
