"Attribute","Existence","Relation","Avg ACC"
"83.4862385321101","95.45454545454545","75.72815533980582","84.88964644215379"
