"Overall","choose","compare","logical","query","verify"
"2.5","0.0","2.4390243902439024","4.487179487179487","1.3358778625954197","5.291005291005291"
