"Attribute","Existence","Relation","Avg ACC"
"74.12844036697248","84.375","73.7864077669903","77.4299493779876"
