"Overall","choose","compare","logical","query","verify"
"5.2","4.444444444444445","12.195121951219512","5.769230769230769","4.007633587786259","6.878306878306878"
