"Attribute","Existence","Relation","Avg ACC"
"70.45871559633028","75.85227272727273","65.0485436893204","70.45317733764114"
