"Overall","choose","compare","logical","query","verify"
"3.1","2.2222222222222223","2.4390243902439024","2.564102564102564","2.6717557251908395","5.291005291005291"
