"Attribute","Existence","Relation","Avg ACC"
"70.64220183486239","86.36363636363636","65.0485436893204","74.01812729593972"
