"Attribute","Existence","Relation","Avg ACC"
"73.39449541284404","85.51136363636364","68.93203883495146","75.94596596138638"
