"Attribute","Existence","Relation","Avg ACC"
"86.42201834862385","78.125","82.52427184466019","82.35709673109467"
