"Attribute","Existence","Relation","Avg ACC"
"69.72477064220183","82.38636363636364","62.13592233009708","71.41568553622086"
