"Overall","choose","compare","logical","query","verify"
"3.4000000000000004","1.1111111111111112","7.317073170731707","5.128205128205128","1.717557251908397","6.878306878306878"
