"Overall","choose","compare","logical","query","verify"
"30.0","42.22222222222222","43.90243902439025","67.3076923076923","1.9083969465648856","68.25396825396825"
