"Attribute","Existence","Relation","Avg ACC"
"78.71559633027523","94.31818181818183","55.33980582524271","76.12452799123325"
