"Overall","choose","compare","logical","query","verify"
"5.800000000000001","1.1111111111111112","14.634146341463413","9.615384615384617","1.5267175572519083","14.814814814814813"
