"Attribute","Existence","Relation","Avg ACC"
"25.321100917431195","93.75","40.77669902912621","53.28259998218581"
