"Attribute","Existence","Relation","Avg ACC"
"84.77064220183486","94.60227272727273","82.52427184466019","87.29906225792259"
