"test_augmented","test_human","Overall"
"91.46666666666667","84.96000000000001","87.4"
