"Overall","choose","compare","logical","query","verify"
"5.800000000000001","4.444444444444445","9.75609756097561","8.974358974358974","4.198473282442748","7.4074074074074066"
