"Attribute","Existence","Relation","Avg ACC"
"74.12844036697248","83.23863636363636","68.93203883495146","75.43303852185345"
