"Attribute","Existence","Relation","Avg ACC"
"74.49541284403671","87.7840909090909","65.0485436893204","75.77601581414933"
