"Overall","choose","compare","logical","query","verify"
"6.2","8.88888888888889","14.634146341463413","8.333333333333332","4.198473282442748","6.878306878306878"
