"Attribute","Existence","Relation","Avg ACC"
"74.86238532110092","84.0909090909091","64.07766990291263","74.34365477164089"
