"test_human","test_augmented","Overall"
"85.11999999999999","91.73333333333333","87.6"
