"Overall","choose","compare","logical","query","verify"
"40.5","56.666666666666664","48.78048780487805","85.8974358974359","8.206106870229007","83.06878306878306"
