"Attribute","Existence","Relation","Avg ACC"
"58.532110091743114","69.0340909090909","52.42718446601942","59.99779515561781"
