"Attribute","Existence","Relation","Avg ACC"
"79.44954128440367","76.98863636363636","90.29126213592234","82.24314659465414"
