"Overall","choose","compare","logical","query","verify"
"5.5","3.3333333333333335","12.195121951219512","8.974358974358974","4.007633587786259","6.349206349206349"
