"Overall","choose","compare","logical","query","verify"
"3.6999999999999997","1.1111111111111112","7.317073170731707","5.769230769230769","3.2442748091603053","3.7037037037037033"
