"Attribute","Existence","Relation","Avg ACC"
"84.22018348623853","94.60227272727273","86.40776699029125","88.4100744012675"
