"Overall","choose","compare","logical","query","verify"
"42.9","63.33333333333333","56.09756097560976","81.41025641025641","11.450381679389313","85.71428571428571"
