"Attribute","Existence","Relation","Avg ACC"
"75.41284403669725","95.45454545454545","56.310679611650485","75.72602303429773"
