"Overall","choose","compare","logical","query","verify"
"0.8999999999999999","0.0","0.0","1.9230769230769231","0.7633587786259541","1.0582010582010581"
