"Attribute","Existence","Relation","Avg ACC"
"35.96330275229358","90.3409090909091","32.038834951456316","52.78101559821966"
