"Attribute","Existence","Relation","Avg ACC"
"81.10091743119267","94.31818181818183","77.66990291262135","84.36300072066528"
