"Overall","choose","compare","logical","query","verify"
"62.5","86.66666666666667","56.09756097560976","83.97435897435898","43.70229007633588","86.77248677248677"
