"Attribute","Existence","Relation","Avg ACC"
"88.80733944954129","94.31818181818183","86.40776699029125","89.84442941933811"
