"Attribute","Existence","Relation","Avg ACC"
"82.01834862385321","91.76136363636364","82.52427184466019","85.43466136829234"
