"Attribute","Existence","Relation","Avg ACC"
"62.38532110091744","72.44318181818183","59.22330097087378","64.68393462999101"
