"Attribute","Existence","Relation","Avg ACC"
"73.76146788990826","87.2159090909091","70.87378640776699","77.2837211295281"
