"test_human","test_augmented","Overall"
"63.519999999999996","85.33333333333334","71.7"
