"Attribute","Existence","Relation","Avg ACC"
"71.37614678899082","75.56818181818183","56.310679611650485","67.75166940627439"
