"Attribute","Existence","Relation","Avg ACC"
"35.41284403669725","91.76136363636364","39.80582524271845","55.66001097192645"
