"test_augmented","test_human","Overall"
"45.06666666666666","39.519999999999996","41.6"
