"Attribute","Existence","Relation","Avg ACC"
"73.39449541284404","87.7840909090909","69.90291262135922","77.02716631443138"
