"Overall","choose","compare","logical","query","verify"
"64.2","85.55555555555556","78.04878048780488","79.48717948717949","46.56488549618321","87.3015873015873"
