"test_human","test_augmented","Overall"
"77.60000000000001","85.06666666666666","80.4"
