"test_augmented","test_human","Overall"
"52.26666666666666","48.480000000000004","49.9"
