"Attribute","Existence","Relation","Avg ACC"
"82.56880733944955","78.97727272727273","62.13592233009708","74.56066746560646"
