"test_human","test_augmented","Overall"
"48.480000000000004","52.26666666666666","49.9"
