"Attribute","Existence","Relation","Avg ACC"
"77.61467889908256","96.30681818181817","47.57281553398058","73.83143753829377"
