"Overall","choose","compare","logical","query","verify"
"54.300000000000004","71.11111111111111","63.41463414634146","67.3076923076923","37.02290076335878","81.48148148148148"
