"Overall","choose","compare","logical","query","verify"
"6.1","6.666666666666667","7.317073170731707","7.051282051282051","5.7251908396946565","5.82010582010582"
