"Attribute","Existence","Relation","Avg ACC"
"73.39449541284404","81.25","62.13592233009708","72.26013924764705"
