"Attribute","Existence","Relation","Avg ACC"
"74.12844036697248","81.25","67.96116504854369","74.4465351385054"
