"test_human","test_augmented","Overall"
"83.67999999999999","90.93333333333334","86.4"
