"Overall","choose","compare","logical","query","verify"
"33.900000000000006","48.888888888888886","46.34146341463415","66.66666666666666","6.106870229007633","74.07407407407408"
