"Attribute","Existence","Relation","Avg ACC"
"77.24770642201835","94.60227272727273","46.601941747572816","72.8173069656213"
