"Overall","choose","compare","logical","query","verify"
"2.5","2.2222222222222223","0.0","5.128205128205128","0.7633587786259541","5.82010582010582"
