"Overall","choose","compare","logical","query","verify"
"5.0","5.555555555555555","7.317073170731707","7.051282051282051","4.007633587786259","5.291005291005291"
