"Overall","choose","compare","logical","query","verify"
"0.7000000000000001","0.0","0.0","2.564102564102564","0.38167938931297707","0.5291005291005291"
