"Attribute","Existence","Relation","Avg ACC"
"83.6697247706422","73.01136363636364","54.36893203883495","70.35000681528027"
