"Overall","choose","compare","logical","query","verify"
"40.9","54.44444444444444","56.09756097560976","75.0","10.687022900763358","86.77248677248677"
