"Attribute","Existence","Relation","Avg ACC"
"87.33944954128441","95.73863636363636","79.6116504854369","87.56324546345256"
