"Overall","choose","compare","logical","query","verify"
"34.5","36.666666666666664","48.78048780487805","82.6923076923077","2.2900763358778624","79.8941798941799"
