"Attribute","Existence","Relation","Avg ACC"
"36.51376146788991","56.25","31.06796116504854","41.27724087764615"
