"Attribute","Existence","Relation","Avg ACC"
"85.3211009174312","94.0340909090909","75.72815533980582","85.02778238877598"
