"Overall","choose","compare","logical","query","verify"
"55.1","75.55555555555556","48.78048780487805","69.87179487179486","38.93129770992366","79.36507936507937"
