"Attribute","Existence","Relation","Avg ACC"
"71.0091743119266","84.94318181818183","63.10679611650486","73.01971741553776"
