"Attribute","Existence","Relation","Avg ACC"
"86.78899082568807","90.625","68.93203883495146","82.11534322021318"
