"Overall","choose","compare","logical","query","verify"
"60.199999999999996","86.66666666666667","63.41463414634146","78.84615384615384","41.603053435114504","83.06878306878306"
