"Overall","choose","compare","logical","query","verify"
"18.4","8.88888888888889","34.146341463414636","31.41025641025641","7.633587786259542","38.62433862433862"
