"Attribute","Existence","Relation","Avg ACC"
"22.752293577981654","88.92045454545455","17.475728155339805","43.049492092925334"
