"test_human","test_augmented","Overall"
"51.519999999999996","77.06666666666668","61.1"
