"test_augmented","test_human","Overall"
"31.466666666666665","46.239999999999995","40.699999999999996"
