"Overall","choose","compare","logical","query","verify"
"61.5","87.77777777777777","56.09756097560976","83.97435897435898","43.70229007633588","80.95238095238095"
