"Attribute","Existence","Relation","Avg ACC"
"85.13761467889908","93.75","75.72815533980582","84.8719233395683"
