"test_augmented","test_human","Overall"
"77.06666666666668","51.519999999999996","61.1"
