"Attribute","Existence","Relation","Avg ACC"
"55.04587155963303","77.8409090909091","43.689320388349515","58.85870034629721"
