"Attribute","Existence","Relation","Avg ACC"
"75.04587155963303","86.07954545454545","70.87378640776699","77.33306780731516"
