"Overall","choose","compare","logical","query","verify"
"3.1","2.2222222222222223","12.195121951219512","4.487179487179487","2.2900763358778624","2.6455026455026456"
