"test_augmented","test_human","Overall"
"89.86666666666666","83.52000000000001","85.9"
