"Attribute","Existence","Relation","Avg ACC"
"85.13761467889908","95.73863636363636","76.69902912621359","85.85842672291635"
