"Overall","choose","compare","logical","query","verify"
"58.699999999999996","74.44444444444444","75.60975609756098","73.71794871794873","40.26717557251908","86.24338624338624"
