"Attribute","Existence","Relation","Avg ACC"
"73.02752293577981","86.07954545454545","65.0485436893204","74.71853735988189"
