"Overall","choose","compare","logical","query","verify"
"6.800000000000001","4.444444444444445","14.634146341463413","9.615384615384617","4.770992366412214","9.523809523809524"
