"Overall","choose","compare","logical","query","verify"
"52.0","81.11111111111111","53.65853658536586","73.07692307692307","29.770992366412212","82.01058201058201"
