"Attribute","Existence","Relation","Avg ACC"
"83.30275229357798","76.98863636363636","45.63106796116505","68.64081887279313"
